,steps,energies
0,0.0,-143.63326443275602
1,0.001,-143.60201079622792
2,0.002,-143.57075351238282
3,0.003,-143.5394925694969
4,0.004,-143.50822795594107
5,0.005,-143.47695966018293
6,0.006,-143.4456876707869
7,0.007,-143.41441197641862
8,0.008,-143.38313256584343
9,0.009000000000000001,-143.3518494279314
10,0.01,-143.3205625516557
